# ************************************************************
# Sequel Pro SQL dump
# Version 4541
#
# http://www.sequelpro.com/
# https://github.com/sequelpro/sequelpro
#
# Host: 134.175.110.50 (MySQL 5.6.45)
# Database: test_dev
# Generation Time: 2019-09-07 16:56:56 +0000
# ************************************************************


/*!40101 SET @OLD_CHARACTER_SET_CLIENT=@@CHARACTER_SET_CLIENT */;
/*!40101 SET @OLD_CHARACTER_SET_RESULTS=@@CHARACTER_SET_RESULTS */;
/*!40101 SET @OLD_COLLATION_CONNECTION=@@COLLATION_CONNECTION */;
/*!40101 SET NAMES utf8 */;
/*!40014 SET @OLD_FOREIGN_KEY_CHECKS=@@FOREIGN_KEY_CHECKS, FOREIGN_KEY_CHECKS=0 */;
/*!40101 SET @OLD_SQL_MODE=@@SQL_MODE, SQL_MODE='NO_AUTO_VALUE_ON_ZERO' */;
/*!40111 SET @OLD_SQL_NOTES=@@SQL_NOTES, SQL_NOTES=0 */;


# Dump of table draw_branner
# ------------------------------------------------------------

DROP TABLE IF EXISTS `draw_branner`;

CREATE TABLE `draw_branner` (
  `id` int(11) unsigned NOT NULL AUTO_INCREMENT,
  `brannerUrl` varchar(128) DEFAULT '',
  `simpleUrl` varchar(128) DEFAULT '',
  `clickUrl` varchar(128) DEFAULT '',
  `type` varchar(1) NOT NULL DEFAULT '' COMMENT '类型 1-外部图 2-创造者',
  `sort` int(11) NOT NULL,
  `drawId` int(11) DEFAULT NULL,
  `opName` varchar(128) DEFAULT '',
  `opId` int(11) DEFAULT '0',
  `createTime` timestamp NULL DEFAULT NULL,
  `modifyTime` timestamp NULL DEFAULT NULL,
  PRIMARY KEY (`id`)
) ENGINE=InnoDB DEFAULT CHARSET=utf8mb4;

LOCK TABLES `draw_branner` WRITE;
/*!40000 ALTER TABLE `draw_branner` DISABLE KEYS */;

INSERT INTO `draw_branner` (`id`, `brannerUrl`, `simpleUrl`, `clickUrl`, `type`, `sort`, `drawId`, `opName`, `opId`, `createTime`, `modifyTime`)
VALUES
	(25,'https://aiwsport.com/data1/branner/1566729163188_banner.png','https://aiwsport.com/data1/branner_simple/1566729163188_banner.png','/other/pages/details/details?drawId=41','2',1,41,NULL,NULL,'2019-08-25 18:32:43','2019-08-25 18:32:43'),
	(32,'','','/other/pages/details/details?drawId=44','2',1,44,NULL,NULL,'2019-08-27 11:29:15','2019-08-27 11:29:15');

/*!40000 ALTER TABLE `draw_branner` ENABLE KEYS */;
UNLOCK TABLES;


# Dump of table draw_ext
# ------------------------------------------------------------

DROP TABLE IF EXISTS `draw_ext`;

CREATE TABLE `draw_ext` (
  `id` int(11) unsigned NOT NULL AUTO_INCREMENT,
  `extUid` int(11) NOT NULL COMMENT '所有权用户人id',
  `drawId` int(11) NOT NULL COMMENT '画作id',
  `extPrice` int(11) NOT NULL COMMENT '所有权价格',
  `extStatus` varchar(2) NOT NULL DEFAULT '0' COMMENT '0 审核为通过， 1审核通过',
  `extIsSale` varchar(2) NOT NULL DEFAULT '0' COMMENT '是否出售',
  `opName` varchar(128) DEFAULT '',
  `opId` int(11) DEFAULT '0',
  `createTime` timestamp NOT NULL DEFAULT CURRENT_TIMESTAMP,
  `modifyTime` timestamp NOT NULL DEFAULT CURRENT_TIMESTAMP ON UPDATE CURRENT_TIMESTAMP,
  PRIMARY KEY (`id`)
) ENGINE=InnoDB DEFAULT CHARSET=utf8mb4;

LOCK TABLES `draw_ext` WRITE;
/*!40000 ALTER TABLE `draw_ext` DISABLE KEYS */;

INSERT INTO `draw_ext` (`id`, `extUid`, `drawId`, `extPrice`, `extStatus`, `extIsSale`, `opName`, `opId`, `createTime`, `modifyTime`)
VALUES
	(628,21,41,1,'1','1',NULL,NULL,'2019-08-25 20:50:34','2019-08-25 20:51:37'),
	(629,21,41,1,'1','1',NULL,NULL,'2019-08-25 20:50:35','2019-08-25 20:51:37'),
	(630,21,41,1,'1','1',NULL,NULL,'2019-08-25 20:50:35','2019-08-25 20:51:37'),
	(631,21,41,1,'1','1',NULL,NULL,'2019-08-25 20:50:35','2019-08-25 20:51:37'),
	(632,21,41,1,'1','1',NULL,NULL,'2019-08-25 20:50:35','2019-08-25 20:51:37'),
	(633,21,41,1,'1','1',NULL,NULL,'2019-08-25 20:50:35','2019-08-25 20:51:37'),
	(634,20,41,1,'1','0',NULL,NULL,'2019-08-25 20:50:35','2019-08-25 20:51:37'),
	(635,20,41,1,'1','0',NULL,NULL,'2019-08-25 20:50:35','2019-08-25 20:51:37'),
	(636,23,41,1,'1','0',NULL,NULL,'2019-08-25 20:50:35','2019-08-25 20:51:37'),
	(637,23,41,1,'1','0',NULL,NULL,'2019-08-25 20:50:35','2019-08-25 20:51:37'),
	(638,19,42,10,'2','1',NULL,NULL,'2019-08-25 20:50:42','2019-08-25 21:35:19'),
	(639,19,42,10,'2','1',NULL,NULL,'2019-08-25 20:50:42','2019-08-25 21:35:19'),
	(640,19,42,10,'2','1',NULL,NULL,'2019-08-25 20:50:42','2019-08-25 21:35:19'),
	(641,19,42,10,'2','1',NULL,NULL,'2019-08-25 20:50:42','2019-08-25 21:35:19'),
	(642,19,42,10,'2','1',NULL,NULL,'2019-08-25 20:50:42','2019-08-25 21:35:19'),
	(653,21,44,90,'1','0',NULL,NULL,'2019-08-25 21:40:59','2019-08-25 21:40:59'),
	(654,21,44,90,'1','0',NULL,NULL,'2019-08-25 21:40:59','2019-08-25 21:40:59'),
	(655,21,44,90,'1','0',NULL,NULL,'2019-08-25 21:40:59','2019-08-25 21:40:59'),
	(656,21,44,60,'1','1',NULL,NULL,'2019-08-25 21:40:59','2019-08-25 21:40:59'),
	(657,21,44,70,'1','0',NULL,NULL,'2019-08-25 21:40:59','2019-08-25 21:40:59'),
	(658,21,44,80,'1','0',NULL,NULL,'2019-08-25 21:40:59','2019-08-25 21:40:59'),
	(659,21,44,90,'1','1',NULL,NULL,'2019-08-25 21:40:59','2019-08-25 21:40:59'),
	(660,21,44,40,'1','1',NULL,NULL,'2019-08-25 21:40:59','2019-08-25 21:40:59'),
	(661,21,44,40,'1','1',NULL,NULL,'2019-08-25 21:40:59','2019-08-25 21:40:59'),
	(662,21,44,50,'1','1',NULL,NULL,'2019-08-25 21:40:59','2019-08-25 21:40:59'),
	(663,21,45,1,'1','1',NULL,NULL,'2019-08-26 18:39:21','2019-08-26 18:40:24'),
	(664,20,45,1,'1','1',NULL,NULL,'2019-08-26 18:39:22','2019-08-26 18:40:24'),
	(665,21,45,1,'1','1',NULL,NULL,'2019-08-26 18:39:22','2019-08-26 18:40:24'),
	(666,23,46,1,'1','0',NULL,NULL,'2019-08-27 23:06:52','2019-08-27 23:10:10'),
	(667,21,46,1,'1','0',NULL,NULL,'2019-08-27 23:06:52','2019-08-27 23:10:10'),
	(668,19,46,1,'1','0',NULL,NULL,'2019-08-27 23:06:52','2019-08-27 23:10:10'),
	(669,19,46,1,'1','0',NULL,NULL,'2019-08-27 23:06:52','2019-08-27 23:10:10'),
	(670,19,46,1,'1','0',NULL,NULL,'2019-08-27 23:06:52','2019-08-27 23:10:10');

/*!40000 ALTER TABLE `draw_ext` ENABLE KEYS */;
UNLOCK TABLES;


# Dump of table draws
# ------------------------------------------------------------

DROP TABLE IF EXISTS `draws`;

CREATE TABLE `draws` (
  `id` int(11) unsigned NOT NULL AUTO_INCREMENT,
  `prodUid` int(11) NOT NULL COMMENT '创造者id',
  `prodName` varchar(40) NOT NULL DEFAULT '' COMMENT '创造者姓名',
  `prodTel` varchar(11) NOT NULL DEFAULT '' COMMENT '创造者电话',
  `drawPrice` int(11) NOT NULL COMMENT '画作价格',
  `drawName` varchar(128) NOT NULL DEFAULT '' COMMENT '画作名称',
  `drawStatus` varchar(1) NOT NULL DEFAULT '' COMMENT '画作状态 0-未审核 1-审核通过 2-审核不通过',
  `drawWidth` int(11) DEFAULT NULL,
  `drawHigh` int(11) DEFAULT NULL,
  `authName` varchar(128) NOT NULL DEFAULT '' COMMENT '画作作者',
  `urlHd` varchar(1280) NOT NULL DEFAULT '' COMMENT '画作高清图',
  `urlSimple` varchar(1280) NOT NULL DEFAULT '' COMMENT '画作简图',
  `drawDesc` varchar(2048) NOT NULL DEFAULT '' COMMENT '画作描述',
  `ownCount` int(11) NOT NULL DEFAULT '0' COMMENT '所有权份额数',
  `ownFinishCount` int(11) NOT NULL DEFAULT '0' COMMENT '已经出售的所有权份额数',
  `ownPrice` int(11) NOT NULL DEFAULT '0' COMMENT '所有权价格',
  `isSale` varchar(2) DEFAULT '0' COMMENT '是否出售',
  `opName` varchar(128) DEFAULT '',
  `opId` int(11) DEFAULT NULL,
  `createTime` timestamp NULL DEFAULT NULL,
  `modifyTime` timestamp NULL DEFAULT NULL,
  PRIMARY KEY (`id`)
) ENGINE=InnoDB DEFAULT CHARSET=utf8mb4;

LOCK TABLES `draws` WRITE;
/*!40000 ALTER TABLE `draws` DISABLE KEYS */;

INSERT INTO `draws` (`id`, `prodUid`, `prodName`, `prodTel`, `drawPrice`, `drawName`, `drawStatus`, `drawWidth`, `drawHigh`, `authName`, `urlHd`, `urlSimple`, `drawDesc`, `ownCount`, `ownFinishCount`, `ownPrice`, `isSale`, `opName`, `opId`, `createTime`, `modifyTime`)
VALUES
	(41,22,'测试','13718911088',10,'测试','1',2000,3096,'测试','https://aiwsport.com/data1/draw_simple/1566737078812_tmp_7cd467094c066e72ed99cd83e864a395.jpg','https://aiwsport.com/data1/draw/1566737078812_tmp_7cd467094c066e72ed99cd83e864a395.jpg','测试',10,8,0,'0',NULL,NULL,'2019-08-25 20:44:40','2019-08-25 20:44:40'),
	(42,22,'杨建','15543221472',10,'灵敏','2',3024,4032,'拆开','https://aiwsport.com/data1/draw_simple/1566737149628_tmp_691790c1e37a5a52fe514bf0a12f4338.jpg','https://aiwsport.com/data1/draw/1566737149628_tmp_691790c1e37a5a52fe514bf0a12f4338.jpg','里叽叽叽叽',5,0,0,'1',NULL,NULL,'2019-08-25 20:45:51','2019-08-25 20:45:51'),
	(43,20,'测试','18222222222',0,'测试','0',2000,1864,'测试','https://aiwsport.com/data1/draw_simple/1566737380036_wx212677b8e5e12f06.o6zAJszaNO4OEYQy2hHBeq8IBrso.a7z5ZsPG5n4p373303b393e5f8baa42a2adef5b2d680.jpg','https://aiwsport.com/data1/draw/1566737380036_wx212677b8e5e12f06.o6zAJszaNO4OEYQy2hHBeq8IBrso.a7z5ZsPG5n4p373303b393e5f8baa42a2adef5b2d680.jpg','测试',0,0,0,'0',NULL,NULL,'2019-08-25 20:49:40','2019-08-25 20:49:40'),
	(44,24,'孙斌','18511582823',10,'灵隐寺系列','1',1280,796,'张世博','https://aiwsport.com/data1/draw_simple/1566739886038_tmp_bcc0c2d1de9deff58bda2ccf3192b219a4d6741396d1607d.jpg','https://aiwsport.com/data1/draw/1566739886038_tmp_bcc0c2d1de9deff58bda2ccf3192b219a4d6741396d1607d.jpg','师从卢禹舜，中国国家画院研究员，青年画院画家',10,10,0,'0',NULL,NULL,'2019-08-25 21:31:26','2019-08-25 21:31:26'),
	(45,24,'杨建','18510649555',10,'山水田园生活','1',2000,2488,'栗栗','https://aiwsport.com/data1/draw_simple/1566815871005_tmp_3ae7085d04422eb2755e9405dcabdae9.jpg','https://aiwsport.com/data1/draw/1566815871005_tmp_3ae7085d04422eb2755e9405dcabdae9.jpg','上路去搜搜',3,3,0,'0',NULL,NULL,'2019-08-26 18:37:52','2019-08-26 18:37:52'),
	(46,21,'测试测试','13718911088',0,'测试测试','1',2000,5061,'测试测试','https://aiwsport.com/data1/draw_simple/1566918352797_tmp_56ece02297f618f6fd9b49fec43db181.jpg','https://aiwsport.com/data1/draw/1566918352797_tmp_56ece02297f618f6fd9b49fec43db181.jpg','测试测试',5,5,0,'0',NULL,NULL,'2019-08-27 23:05:54','2019-08-27 23:05:54');

/*!40000 ALTER TABLE `draws` ENABLE KEYS */;
UNLOCK TABLES;


# Dump of table income
# ------------------------------------------------------------

DROP TABLE IF EXISTS `income`;

CREATE TABLE `income` (
  `id` int(11) unsigned NOT NULL AUTO_INCREMENT,
  `drawExtid` int(11) NOT NULL COMMENT '所有权id',
  `proofUrl` varchar(1280) NOT NULL DEFAULT '' COMMENT '凭证图',
  `proofPrice` decimal(11,2) NOT NULL COMMENT '收益价格',
  `info` varchar(1280) NOT NULL DEFAULT '',
  `orderNo` varchar(128) NOT NULL DEFAULT '',
  `status` varchar(1) NOT NULL DEFAULT '0' COMMENT '状态 0-未支付 1 支付完成',
  `opName` varchar(128) DEFAULT '',
  `opId` int(11) DEFAULT '0',
  `createTime` timestamp NULL DEFAULT NULL,
  `modifyTime` timestamp NULL DEFAULT NULL,
  PRIMARY KEY (`id`)
) ENGINE=InnoDB DEFAULT CHARSET=utf8mb4;

LOCK TABLES `income` WRITE;
/*!40000 ALTER TABLE `income` DISABLE KEYS */;

INSERT INTO `income` (`id`, `drawExtid`, `proofUrl`, `proofPrice`, `info`, `orderNo`, `status`, `opName`, `opId`, `createTime`, `modifyTime`)
VALUES
	(52,637,'https://aiwsport.com/data1/income/',5.00,'{\"timeStamp\":\"1566739734\",\"package\":\"prepay_id=wx2521285429556576f873cc3a1746489700\",\"orderNo\":\"20190825212854156673973411885957\",\"paySign\":\"69833A50D830B6CFEFAA800881270A72\",\"appId\":\"wx212677b8e5e12f06\",\"total_fee\":\"5\",\"signType\":\"MD5\",\"nonceStr\":\"cb07635265fd4b5c9a739e61fe0e73d1\"}','20190825212854156673973411885957','0',NULL,NULL,'2019-08-25 21:28:54','2019-08-25 21:28:54'),
	(53,661,'https://aiwsport.com/data1/income/1566742006492_tmp_3c9d2e9b031e36af557c1f2272fac7c2.jpg',5.00,'{\"timeStamp\":\"1566742006\",\"package\":\"prepay_id=wx252206467305596585109b601928014100\",\"orderNo\":\"20190825220646156674200653214995\",\"paySign\":\"D25C692A5BEFDFCB46EE881AD5069BFB\",\"appId\":\"wx212677b8e5e12f06\",\"total_fee\":\"5\",\"signType\":\"MD5\",\"nonceStr\":\"a70bc69771804f089ec7cf1fc7dc5fc6\"}','20190825220646156674200653214995','0',NULL,NULL,'2019-08-25 22:06:46','2019-08-25 22:06:46'),
	(54,656,'https://aiwsport.com/data1/income/',50.00,'{\"timeStamp\":\"1566782428\",\"package\":\"prepay_id=wx26092028001351a273e24b8c1781295700\",\"orderNo\":\"20190826092027156678242776246935\",\"paySign\":\"F37C254F7464928EB3DDC3603EEEF2C8\",\"appId\":\"wx212677b8e5e12f06\",\"total_fee\":\"50\",\"signType\":\"MD5\",\"nonceStr\":\"805c65083e93439ca3a42d8079cab405\"}','20190826092027156678242776246935','0',NULL,NULL,'2019-08-26 09:20:28','2019-08-26 09:20:28'),
	(55,656,'https://aiwsport.com/data1/income/',5.00,'{\"timeStamp\":\"1566782440\",\"package\":\"prepay_id=wx26092039967259778cd5837e1333921000\",\"orderNo\":\"20190826092039156678243975851849\",\"paySign\":\"6643C5F2F84C2B6340F49513C01EFF2E\",\"appId\":\"wx212677b8e5e12f06\",\"total_fee\":\"5\",\"signType\":\"MD5\",\"nonceStr\":\"7148caf7c4124f08bbdd96f304cea730\"}','20190826092039156678243975851849','1',NULL,NULL,'2019-08-26 09:20:40','2019-08-26 09:20:40'),
	(56,661,'https://aiwsport.com/data1/income/1566812073582_tmp_3d8e128330043a30158c289429cc9034.jpg',5.00,'{\"timeStamp\":\"1566812073\",\"package\":\"prepay_id=wx2617343389152131655e8e8f1406737400\",\"orderNo\":\"20190826173433156681207363653830\",\"paySign\":\"2D9598D3B6962E743DF69FFD0A269194\",\"appId\":\"wx212677b8e5e12f06\",\"total_fee\":\"5\",\"signType\":\"MD5\",\"nonceStr\":\"3ac17fe3348f46c6b068f230272f9cc4\"}','20190826173433156681207363653830','1',NULL,NULL,'2019-08-26 17:34:33','2019-08-26 17:34:33'),
	(57,665,'https://aiwsport.com/data1/income/1566816109902_tmp_bbfa92860f230df95879d6845f730e03.jpg',5.00,'{\"timeStamp\":\"1566816110\",\"package\":\"prepay_id=wx261841503171534cbe821d6d1150507000\",\"orderNo\":\"20190826184150156681611013084584\",\"paySign\":\"DD6CBD4454A9CA7B4D812825E573AC71\",\"appId\":\"wx212677b8e5e12f06\",\"total_fee\":\"5\",\"signType\":\"MD5\",\"nonceStr\":\"96960ae77e734e85ac258e7f205314b7\"}','20190826184150156681611013084584','0',NULL,NULL,'2019-08-26 18:41:50','2019-08-26 18:41:50'),
	(58,665,'https://aiwsport.com/data1/income/1566816356097_tmp_b9a189bd78a27f314a7349042e952bfb.jpg',10.00,'{\"timeStamp\":\"1566816356\",\"package\":\"prepay_id=wx261845563551089563984b8a1518034700\",\"orderNo\":\"20190826184556156681635616058121\",\"paySign\":\"4A8A354B5973929521C7DFAC4FECA841\",\"appId\":\"wx212677b8e5e12f06\",\"total_fee\":\"10\",\"signType\":\"MD5\",\"nonceStr\":\"e611d10ffce349b081e58239e56249ae\"}','20190826184556156681635616058121','0',NULL,NULL,'2019-08-26 18:45:56','2019-08-26 18:45:56'),
	(59,663,'https://aiwsport.com/data1/income/',5.00,'{\"timeStamp\":\"1566825003\",\"package\":\"prepay_id=wx2621100356122654b66674e31041068300\",\"orderNo\":\"20190826211003156682500333748982\",\"paySign\":\"C929A1F4D29B42D2F066CD5F9C3B3854\",\"appId\":\"wx212677b8e5e12f06\",\"total_fee\":\"5\",\"signType\":\"MD5\",\"nonceStr\":\"c48f2a4206924c54b5bdf2ef5497082a\"}','20190826211003156682500333748982','1',NULL,NULL,'2019-08-26 21:10:03','2019-08-26 21:10:03');

/*!40000 ALTER TABLE `income` ENABLE KEYS */;
UNLOCK TABLES;


# Dump of table income_statistics
# ------------------------------------------------------------

DROP TABLE IF EXISTS `income_statistics`;

CREATE TABLE `income_statistics` (
  `id` int(11) unsigned NOT NULL AUTO_INCREMENT,
  `drawId` int(11) NOT NULL,
  `incomePrice` decimal(11,0) NOT NULL,
  `createTime` timestamp NOT NULL DEFAULT CURRENT_TIMESTAMP ON UPDATE CURRENT_TIMESTAMP,
  PRIMARY KEY (`id`)
) ENGINE=InnoDB DEFAULT CHARSET=utf8mb4;

LOCK TABLES `income_statistics` WRITE;
/*!40000 ALTER TABLE `income_statistics` DISABLE KEYS */;

INSERT INTO `income_statistics` (`id`, `drawId`, `incomePrice`, `createTime`)
VALUES
	(10,41,6,'2019-08-25 21:28:40'),
	(11,44,25,'2019-08-25 21:47:56'),
	(12,44,15,'2019-08-26 18:28:42'),
	(13,45,27,'2019-08-26 18:41:29'),
	(14,44,130,'2019-08-27 20:47:10'),
	(15,46,7,'2019-08-27 23:20:38'),
	(16,46,1,'2019-08-28 08:34:10'),
	(17,41,1,'2019-08-28 17:45:35'),
	(18,44,10,'2019-09-07 09:52:59'),
	(19,41,2,'2019-09-07 11:13:25'),
	(20,46,2,'2019-09-07 19:45:53'),
	(21,44,10,'2019-09-08 00:52:06');

/*!40000 ALTER TABLE `income_statistics` ENABLE KEYS */;
UNLOCK TABLES;


# Dump of table oper_log
# ------------------------------------------------------------

DROP TABLE IF EXISTS `oper_log`;

CREATE TABLE `oper_log` (
  `id` int(11) unsigned NOT NULL AUTO_INCREMENT,
  `uid` int(11) NOT NULL,
  `orderId` int(11) NOT NULL,
  `incomeId` int(11) NOT NULL,
  `tradeno` varchar(64) DEFAULT '' COMMENT '提现的流水号',
  `type` varchar(11) NOT NULL DEFAULT '' COMMENT '类型 1-创造权交易 2-所有权交易收益 3-所有权添加收益 4-提现',
  `incomePrice` int(11) NOT NULL COMMENT '收益的钱数',
  `opName` varchar(128) DEFAULT '',
  `opId` int(11) DEFAULT '0',
  `createTime` timestamp NOT NULL DEFAULT CURRENT_TIMESTAMP,
  `modifyTime` timestamp NOT NULL DEFAULT CURRENT_TIMESTAMP ON UPDATE CURRENT_TIMESTAMP,
  PRIMARY KEY (`id`)
) ENGINE=InnoDB DEFAULT CHARSET=utf8mb4;

LOCK TABLES `oper_log` WRITE;
/*!40000 ALTER TABLE `oper_log` DISABLE KEYS */;

INSERT INTO `oper_log` (`id`, `uid`, `orderId`, `incomeId`, `tradeno`, `type`, `incomePrice`, `opName`, `opId`, `createTime`, `modifyTime`)
VALUES
	(5,21,101,0,'20190825205433156673767382021987','1',10,NULL,NULL,'2019-08-25 20:54:43','2019-08-25 20:54:43'),
	(6,21,102,0,'20190825212832156673971262055106','2',1,NULL,NULL,'2019-08-25 21:28:40','2019-08-25 21:28:40'),
	(7,22,0,52,'20190825212854156673973411885957','3',5,NULL,NULL,'2019-08-25 21:29:02','2019-08-25 21:29:02'),
	(8,23,103,0,'20190825214749156674086970655170','2',10,NULL,NULL,'2019-08-25 21:47:56','2019-08-25 21:47:56'),
	(9,23,104,0,'20190825220002156674160246688509','2',10,NULL,NULL,'2019-08-25 22:00:08','2019-08-25 22:00:08'),
	(10,23,0,53,'20190825220646156674200653214995','3',5,NULL,NULL,'2019-08-25 22:06:54','2019-08-25 22:06:54'),
	(11,23,105,0,'20190826085512156678091285684639','1',10,NULL,NULL,'2019-08-26 08:55:21','2019-08-26 08:55:21'),
	(12,24,0,56,'20190826173433156681207363653830','3',5,NULL,NULL,'2019-08-26 18:29:01','2019-08-26 18:29:01'),
	(13,24,0,56,'20190826173433156681207363653830','3',5,NULL,NULL,'2019-08-26 18:38:52','2019-08-26 18:38:52'),
	(14,19,106,0,'20190826184041156681604177140119','1',5,NULL,NULL,'2019-08-26 18:40:51','2019-08-26 18:40:51'),
	(15,19,107,0,'20190826184122156681608220797977','2',1,NULL,NULL,'2019-08-26 18:41:29','2019-08-26 18:41:29'),
	(16,21,0,57,'20190826184150156681611013084584','3',5,NULL,NULL,'2019-08-26 18:42:03','2019-08-26 18:42:03'),
	(17,21,0,58,'20190826184556156681635616058121','3',10,NULL,NULL,'2019-08-26 18:46:10','2019-08-26 18:46:10'),
	(18,21,112,0,'20190826203640156682300065846032','1',5,NULL,NULL,'2019-08-26 20:36:47','2019-08-26 20:36:47'),
	(19,19,113,0,'20190826203658156682301886531483','2',1,NULL,NULL,'2019-08-26 20:37:06','2019-08-26 20:37:06'),
	(20,19,117,0,'20190826204946156682378672221797','2',1,NULL,NULL,'2019-08-26 20:49:53','2019-08-26 20:49:53'),
	(21,24,0,55,'20190826092039156678243975851849','3',5,NULL,NULL,'2019-08-26 20:55:01','2019-08-26 20:55:01'),
	(22,23,118,0,'20190826210942156682498258065807','1',10,NULL,NULL,'2019-08-26 21:09:52','2019-08-26 21:09:52'),
	(23,24,0,59,'20190826211003156682500333748982','3',5,NULL,NULL,'2019-08-26 21:10:09','2019-08-26 21:10:09'),
	(24,21,115,0,'20190826204440156682348078423529','2',1,NULL,NULL,'2019-08-26 21:45:16','2019-08-26 21:45:16'),
	(25,23,111,0,'20190826203445156682288505287356','2',1,NULL,NULL,'2019-08-26 21:45:46','2019-08-26 21:45:46'),
	(26,21,110,0,'20190826203356156682283627223292','2',1,NULL,NULL,'2019-08-26 21:45:58','2019-08-26 21:45:58'),
	(27,21,116,0,'20190826204815156682369510037675','2',1,NULL,NULL,'2019-08-26 21:48:21','2019-08-26 21:48:21'),
	(28,23,130,0,'20190827204702156691002233189692','2',10,NULL,NULL,'2019-08-27 20:47:10','2019-08-27 20:47:10'),
	(29,23,131,0,'20190827225737156691785794895726','2',10,NULL,NULL,'2019-08-27 22:58:10','2019-08-27 22:58:10'),
	(30,23,132,0,'20190827225821156691790177071526','2',10,NULL,NULL,'2019-08-27 22:58:27','2019-08-27 22:58:27'),
	(31,23,133,0,'20190827225835156691791580388086','2',10,NULL,NULL,'2019-08-27 22:58:41','2019-08-27 22:58:41'),
	(32,23,134,0,'20190827225846156691792690638666','2',10,NULL,NULL,'2019-08-27 22:58:52','2019-08-27 22:58:52'),
	(33,23,135,0,'20190827225857156691793726176661','2',20,NULL,NULL,'2019-08-27 22:59:02','2019-08-27 22:59:02'),
	(34,23,136,0,'20190827225914156691795499092091','2',30,NULL,NULL,'2019-08-27 22:59:44','2019-08-27 22:59:44'),
	(35,23,137,0,'20190827225951156691799165215940','2',30,NULL,NULL,'2019-08-27 23:00:03','2019-08-27 23:00:03'),
	(36,21,138,0,'20190827232030156691923029389565','2',1,NULL,NULL,'2019-08-27 23:20:38','2019-08-27 23:20:38'),
	(37,21,139,0,'20190827232047156691924719192548','2',1,NULL,NULL,'2019-08-27 23:20:54','2019-08-27 23:20:54'),
	(38,21,140,0,'20190827232708156691962891090904','2',1,NULL,NULL,'2019-08-27 23:27:16','2019-08-27 23:27:16'),
	(39,21,141,0,'20190827232724156691964441798127','2',1,NULL,NULL,'2019-08-27 23:27:30','2019-08-27 23:27:30'),
	(40,21,142,0,'20190827232739156691965926452403','2',1,NULL,NULL,'2019-08-27 23:27:45','2019-08-27 23:27:45'),
	(41,19,143,0,'20190827233140156691990056897660','2',1,NULL,NULL,'2019-08-27 23:31:48','2019-08-27 23:31:48'),
	(42,19,144,0,'20190827233341156692002167995375','2',1,NULL,NULL,'2019-08-27 23:33:49','2019-08-27 23:33:49'),
	(43,21,146,0,'20190828083402156695244259501658','2',1,NULL,NULL,'2019-08-28 08:34:10','2019-08-28 08:34:10'),
	(44,21,148,0,'20190828174525156698552533700858','2',1,NULL,NULL,'2019-08-28 17:45:35','2019-08-28 17:45:35'),
	(45,24,0,56,'20190826173433156681207363653830','3',5,NULL,NULL,'2019-09-07 09:52:59','2019-09-07 09:52:59'),
	(46,24,0,56,'20190826173433156681207363653830','3',5,NULL,NULL,'2019-09-07 09:59:49','2019-09-07 09:59:49'),
	(47,21,149,0,'20190907111305156782598512215674','2',1,NULL,NULL,'2019-09-07 11:13:25','2019-09-07 11:13:25'),
	(48,21,150,0,'20190907111455156782609587184675','2',1,NULL,NULL,'2019-09-07 11:15:30','2019-09-07 11:15:30'),
	(49,21,151,0,'20190907194544156785674420966758','2',1,NULL,NULL,'2019-09-07 19:45:53','2019-09-07 19:45:53'),
	(50,19,152,0,'20190907194819156785689982718728','2',1,NULL,NULL,'2019-09-07 19:48:31','2019-09-07 19:48:31'),
	(51,24,0,56,'20190826173433156681207363653830','3',5,NULL,NULL,'2019-09-08 00:52:17','2019-09-08 00:52:17'),
	(52,24,0,56,'20190826173433156681207363653830','3',5,NULL,NULL,'2019-09-08 00:54:01','2019-09-08 00:54:01');

/*!40000 ALTER TABLE `oper_log` ENABLE KEYS */;
UNLOCK TABLES;


# Dump of table order_check
# ------------------------------------------------------------

DROP TABLE IF EXISTS `order_check`;

CREATE TABLE `order_check` (
  `id` int(11) unsigned NOT NULL AUTO_INCREMENT,
  `dId` int(11) DEFAULT NULL,
  `type` int(11) DEFAULT NULL,
  `createTime` bigint(32) DEFAULT NULL,
  PRIMARY KEY (`id`),
  UNIQUE KEY `d_t` (`dId`,`type`)
) ENGINE=InnoDB DEFAULT CHARSET=utf8mb4;



# Dump of table order_info
# ------------------------------------------------------------

DROP TABLE IF EXISTS `order_info`;

CREATE TABLE `order_info` (
  `id` int(11) unsigned NOT NULL AUTO_INCREMENT,
  `code` varchar(128) NOT NULL DEFAULT '' COMMENT '订单编号',
  `drawId` int(11) NOT NULL COMMENT '画作id',
  `drawExtId` int(11) NOT NULL COMMENT '画作的是所有权id',
  `uid` int(11) NOT NULL COMMENT '购买人id',
  `oName` varchar(128) DEFAULT '',
  `oTel` varchar(20) DEFAULT '',
  `type` varchar(1) NOT NULL DEFAULT '' COMMENT '类型 1-买创造权 2-买所有权',
  `status` varchar(1) NOT NULL DEFAULT '' COMMENT '订单转态 1-提交未支付 2-支付完成 3-过期',
  `orderPrice` int(11) NOT NULL,
  `info` varchar(1024) NOT NULL DEFAULT '' COMMENT '支付需要信息',
  `opName` varchar(128) DEFAULT NULL,
  `opId` int(11) DEFAULT NULL,
  `createTime` timestamp NOT NULL DEFAULT CURRENT_TIMESTAMP,
  `modifyTime` timestamp NOT NULL DEFAULT CURRENT_TIMESTAMP ON UPDATE CURRENT_TIMESTAMP,
  PRIMARY KEY (`id`)
) ENGINE=InnoDB DEFAULT CHARSET=utf8mb4;

LOCK TABLES `order_info` WRITE;
/*!40000 ALTER TABLE `order_info` DISABLE KEYS */;

INSERT INTO `order_info` (`id`, `code`, `drawId`, `drawExtId`, `uid`, `oName`, `oTel`, `type`, `status`, `orderPrice`, `info`, `opName`, `opId`, `createTime`, `modifyTime`)
VALUES
	(100,'20190825205350156673763011689294',41,637,20,NULL,NULL,'2','1',1,'{\"timeStamp\":\"1566737630\",\"package\":\"prepay_id=wx252053508455445e2acf52c11927124700\",\"orderNo\":\"20190825205350156673763011689294\",\"paySign\":\"24F99A5710AD38ABF6758C9D0B069098\",\"appId\":\"wx212677b8e5e12f06\",\"total_fee\":\"1\",\"signType\":\"MD5\",\"nonceStr\":\"64a4971bbd694bbb85f060b67ad15812\"}',NULL,NULL,'2019-08-25 20:53:50','2019-08-25 20:53:50'),
	(101,'20190825205433156673767382021987',41,0,22,NULL,NULL,'1','2',10,'{\"timeStamp\":\"1566737674\",\"package\":\"prepay_id=wx25205434043638dd70ba09f61147925300\",\"orderNo\":\"20190825205433156673767382021987\",\"paySign\":\"5A1A568E7DBE3A91E3E3115C5438B436\",\"appId\":\"wx212677b8e5e12f06\",\"total_fee\":\"10\",\"signType\":\"MD5\",\"nonceStr\":\"9e9ed60a4b974edf8b92ead7779d04c5\"}',NULL,NULL,'2019-08-25 20:54:34','2019-08-25 20:54:34'),
	(102,'20190825212832156673971262055106',41,637,23,NULL,NULL,'2','2',1,'{\"timeStamp\":\"1566739712\",\"package\":\"prepay_id=wx2521283285321359468c6bfe1055585000\",\"orderNo\":\"20190825212832156673971262055106\",\"paySign\":\"D0C3A2F7FD000F9922FA396A1C62FCBE\",\"appId\":\"wx212677b8e5e12f06\",\"total_fee\":\"1\",\"signType\":\"MD5\",\"nonceStr\":\"8b31ff03e1cb4d4caffa3069d3bab188\"}',NULL,NULL,'2019-08-25 21:28:32','2019-08-25 21:28:32'),
	(103,'20190825214749156674086970655170',44,662,21,NULL,NULL,'2','2',10,'{\"timeStamp\":\"1566740869\",\"package\":\"prepay_id=wx252147499299709fdbfd017f1854591500\",\"orderNo\":\"20190825214749156674086970655170\",\"paySign\":\"B681E21A1262CAA7FEB8F1283F320D56\",\"appId\":\"wx212677b8e5e12f06\",\"total_fee\":\"10\",\"signType\":\"MD5\",\"nonceStr\":\"6998c4cb466545bf84cdd7a06911750d\"}',NULL,NULL,'2019-08-25 21:47:49','2019-08-25 21:47:49'),
	(104,'20190825220002156674160246688509',44,661,21,NULL,NULL,'2','2',10,'{\"timeStamp\":\"1566741602\",\"package\":\"prepay_id=wx25220002673586dce2f0ced61964774400\",\"orderNo\":\"20190825220002156674160246688509\",\"paySign\":\"D7DB0BCCBD26AF44D24B40B8AA4D92E1\",\"appId\":\"wx212677b8e5e12f06\",\"total_fee\":\"10\",\"signType\":\"MD5\",\"nonceStr\":\"ef5b7a34eb0347e0a0880c7c457f9914\"}',NULL,NULL,'2019-08-25 22:00:02','2019-08-25 22:00:02'),
	(105,'20190826085512156678091285684639',44,0,24,NULL,NULL,'1','2',10,'{\"timeStamp\":\"1566780913\",\"package\":\"prepay_id=wx26085513088593be0434ffd11922288400\",\"orderNo\":\"20190826085512156678091285684639\",\"paySign\":\"7FCDEED2A163F40A5C7066C9172ECC7C\",\"appId\":\"wx212677b8e5e12f06\",\"total_fee\":\"10\",\"signType\":\"MD5\",\"nonceStr\":\"1e47d34f09784b6a9d5a9829adae99c0\"}',NULL,NULL,'2019-08-26 08:55:13','2019-08-26 08:55:13'),
	(106,'20190826184041156681604177140119',45,0,21,NULL,NULL,'1','2',5,'{\"timeStamp\":\"1566816043\",\"package\":\"prepay_id=wx261840430185921496cc4fa01987048800\",\"orderNo\":\"20190826184041156681604177140119\",\"paySign\":\"2575C36EFD2C0A2951001CDF081CD8D2\",\"appId\":\"wx212677b8e5e12f06\",\"total_fee\":\"5\",\"signType\":\"MD5\",\"nonceStr\":\"8b09d3c57b5a49a580a21a47c2e5cf35\"}',NULL,NULL,'2019-08-26 18:40:43','2019-08-26 18:40:43'),
	(107,'20190826184122156681608220797977',45,665,21,NULL,NULL,'2','2',1,'{\"timeStamp\":\"1566816082\",\"package\":\"prepay_id=wx261841224128380b4f96264e1053562500\",\"orderNo\":\"20190826184122156681608220797977\",\"paySign\":\"FC1EBE2E05340F7CA5B472D1361D483B\",\"appId\":\"wx212677b8e5e12f06\",\"total_fee\":\"1\",\"signType\":\"MD5\",\"nonceStr\":\"b64675f3e0d24d57a22c5633f910038c\"}',NULL,NULL,'2019-08-26 18:41:22','2019-08-26 18:41:22'),
	(109,'20190826193710156681943078512326',45,0,19,NULL,NULL,'1','1',5,'{\"timeStamp\":\"1566819431\",\"package\":\"prepay_id=wx2619371186799981f88919961147177200\",\"orderNo\":\"20190826193710156681943078512326\",\"paySign\":\"D1EBB405652CDE9464FE238482C36C12\",\"appId\":\"wx212677b8e5e12f06\",\"total_fee\":\"5\",\"signType\":\"MD5\",\"nonceStr\":\"cbbd1cb21ba34e3b96d31c66983d515f\"}',NULL,NULL,'2019-08-26 19:37:12','2019-08-26 19:37:12'),
	(110,'20190826203356156682283627223292',45,663,21,NULL,NULL,'2','2',1,'{\"timeStamp\":\"1566822837\",\"package\":\"prepay_id=wx26203357052111210530d5e91052044900\",\"orderNo\":\"20190826203356156682283627223292\",\"paySign\":\"FE2359E776E31479D3F44A1637C84FFC\",\"appId\":\"wx212677b8e5e12f06\",\"total_fee\":\"1\",\"signType\":\"MD5\",\"nonceStr\":\"6abf948e8c6b4de9bea39d8b7839e4b5\"}',NULL,NULL,'2019-08-26 20:33:57','2019-08-26 20:33:57'),
	(111,'20190826203445156682288505287356',45,663,21,NULL,NULL,'2','2',1,'{\"timeStamp\":\"1566822885\",\"package\":\"prepay_id=wx2620344528165343031b33001704456900\",\"orderNo\":\"20190826203445156682288505287356\",\"paySign\":\"F7397B961656935A14BAD09851F50490\",\"appId\":\"wx212677b8e5e12f06\",\"total_fee\":\"1\",\"signType\":\"MD5\",\"nonceStr\":\"19876dfd181b4b0a9770d816d3570edc\"}',NULL,NULL,'2019-08-26 20:34:45','2019-08-26 20:34:45'),
	(112,'20190826203640156682300065846032',45,0,23,NULL,NULL,'1','2',5,'{\"timeStamp\":\"1566823001\",\"package\":\"prepay_id=wx26203641069563123e9b9cfb1319347200\",\"orderNo\":\"20190826203640156682300065846032\",\"paySign\":\"2C26E51CC6610A0E16935FF1911D2090\",\"appId\":\"wx212677b8e5e12f06\",\"total_fee\":\"5\",\"signType\":\"MD5\",\"nonceStr\":\"5cdd41fe02a74e7d95f36623ef11797f\"}',NULL,NULL,'2019-08-26 20:36:41','2019-08-26 20:36:41'),
	(113,'20190826203658156682301886531483',45,663,23,NULL,NULL,'2','2',1,'{\"timeStamp\":\"1566823019\",\"package\":\"prepay_id=wx262036590458552d95ff59381478798400\",\"orderNo\":\"20190826203658156682301886531483\",\"paySign\":\"41B5260E8DC280CFA64A67AD27A3BF55\",\"appId\":\"wx212677b8e5e12f06\",\"total_fee\":\"1\",\"signType\":\"MD5\",\"nonceStr\":\"764b69b9eb1845beb3178cacce986e30\"}',NULL,NULL,'2019-08-26 20:36:59','2019-08-26 20:36:59'),
	(114,'20190826203945156682318534584478',41,636,20,NULL,NULL,'2','1',1,'{\"timeStamp\":\"1566823185\",\"package\":\"prepay_id=wx262039455699308dd4b56d791535674800\",\"orderNo\":\"20190826203945156682318534584478\",\"paySign\":\"5820A4F7DA2A98423EE949CF4C57291F\",\"appId\":\"wx212677b8e5e12f06\",\"total_fee\":\"1\",\"signType\":\"MD5\",\"nonceStr\":\"bc940cabe9274260a864b67fa9c6ab5e\"}',NULL,NULL,'2019-08-26 20:39:45','2019-08-26 20:39:45'),
	(115,'20190826204440156682348078423529',45,664,21,NULL,NULL,'2','2',1,'{\"timeStamp\":\"1566823481\",\"package\":\"prepay_id=wx262044409832924cc1664a641381864100\",\"orderNo\":\"20190826204440156682348078423529\",\"paySign\":\"591F34A0DF59094CA1B426A9D2CDE484\",\"appId\":\"wx212677b8e5e12f06\",\"total_fee\":\"1\",\"signType\":\"MD5\",\"nonceStr\":\"d09423a24f6941d09b9ae558375e2893\"}',NULL,NULL,'2019-08-26 20:44:41','2019-08-26 20:44:41'),
	(116,'20190826204815156682369510037675',45,664,20,NULL,NULL,'2','2',1,'{\"timeStamp\":\"1566823695\",\"package\":\"prepay_id=wx262048153433601d82576be31185626900\",\"orderNo\":\"20190826204815156682369510037675\",\"paySign\":\"961077BEDBC8E6BB722D949F46F50A51\",\"appId\":\"wx212677b8e5e12f06\",\"total_fee\":\"1\",\"signType\":\"MD5\",\"nonceStr\":\"c7476f270d7648b2b443b79f9376b980\"}',NULL,NULL,'2019-08-26 20:48:15','2019-08-26 20:48:15'),
	(117,'20190826204946156682378672221797',45,664,21,NULL,NULL,'2','2',1,'{\"timeStamp\":\"1566823786\",\"package\":\"prepay_id=wx26204946926901109fc6151f1521705200\",\"orderNo\":\"20190826204946156682378672221797\",\"paySign\":\"0485D6F6BA6590EC39EB2F64A8E5852C\",\"appId\":\"wx212677b8e5e12f06\",\"total_fee\":\"1\",\"signType\":\"MD5\",\"nonceStr\":\"3162b2cbd71f4b149d0b62139cb91d99\"}',NULL,NULL,'2019-08-26 20:49:46','2019-08-26 20:49:46'),
	(118,'20190826210942156682498258065807',45,0,24,NULL,NULL,'1','2',10,'{\"timeStamp\":\"1566824982\",\"package\":\"prepay_id=wx262109428032646f7e71209c1996279200\",\"orderNo\":\"20190826210942156682498258065807\",\"paySign\":\"1AD4275F83B2E691F79882ED85545E31\",\"appId\":\"wx212677b8e5e12f06\",\"total_fee\":\"10\",\"signType\":\"MD5\",\"nonceStr\":\"de4170a358e446879c3f3c5356e85027\"}',NULL,NULL,'2019-08-26 21:09:42','2019-08-26 21:09:42'),
	(119,'20190827001758156683627842083698',42,0,19,NULL,NULL,'1','1',10,'{\"timeStamp\":\"1566836285\",\"package\":\"prepay_id=wx27001759339017d810ad66ba1220946600\",\"orderNo\":\"20190827001758156683627842083698\",\"paySign\":\"80FE2885359A910D451C4F0BCA2D5111\",\"appId\":\"wx212677b8e5e12f06\",\"total_fee\":\"10\",\"signType\":\"MD5\",\"nonceStr\":\"b7f47bee205249e091756df12e3c86e4\"}',NULL,NULL,'2019-08-27 00:18:08','2019-08-27 00:18:08'),
	(120,'20190827101732156687225258690926',44,660,21,NULL,NULL,'2','1',10,'{\"timeStamp\":\"1566872254\",\"package\":\"prepay_id=wx271017343248274b4bd3506b1923337100\",\"orderNo\":\"20190827101732156687225258690926\",\"paySign\":\"F00978D05AD2FAD3103E348B0A8B99B7\",\"appId\":\"wx212677b8e5e12f06\",\"total_fee\":\"10\",\"signType\":\"MD5\",\"nonceStr\":\"cc4af162e5c24473a437278762517796\"}',NULL,NULL,'2019-08-27 10:17:34','2019-08-27 10:17:34'),
	(121,'20190827101748156687226874096314',44,660,21,NULL,NULL,'2','1',10,'{\"timeStamp\":\"1566872269\",\"package\":\"prepay_id=wx27101748962872c3e149933c1323564700\",\"orderNo\":\"20190827101748156687226874096314\",\"paySign\":\"E5D692041DA4AF8E471076B2F103AE94\",\"appId\":\"wx212677b8e5e12f06\",\"total_fee\":\"10\",\"signType\":\"MD5\",\"nonceStr\":\"8ca83f2da737477bae24cb75d75626a2\"}',NULL,NULL,'2019-08-27 10:17:49','2019-08-27 10:17:49'),
	(122,'20190827133406156688404696456086',44,660,21,NULL,NULL,'2','1',10,'{\"timeStamp\":\"1566884047\",\"package\":\"prepay_id=wx2713340723505952dbcb7d6e1651238300\",\"orderNo\":\"20190827133406156688404696456086\",\"paySign\":\"43A70A5E858DF6B0C4BA7875B9D2493D\",\"appId\":\"wx212677b8e5e12f06\",\"total_fee\":\"10\",\"signType\":\"MD5\",\"nonceStr\":\"587b2125fbaf4b9da1ab14f813a96635\"}',NULL,NULL,'2019-08-27 13:34:07','2019-08-27 13:34:07'),
	(123,'20190827133412156688405287772946',44,660,21,NULL,NULL,'2','1',10,'{\"timeStamp\":\"1566884053\",\"package\":\"prepay_id=wx27133413089976725b8d70991275531100\",\"orderNo\":\"20190827133412156688405287772946\",\"paySign\":\"AD6BE124E6AEB6E4CDAD5B74CFDEA2D6\",\"appId\":\"wx212677b8e5e12f06\",\"total_fee\":\"10\",\"signType\":\"MD5\",\"nonceStr\":\"814a9e3195704939966fead60838ba0e\"}',NULL,NULL,'2019-08-27 13:34:13','2019-08-27 13:34:13'),
	(124,'20190827133418156688405898218098',44,660,21,NULL,NULL,'2','1',10,'{\"timeStamp\":\"1566884059\",\"package\":\"prepay_id=wx271334191817914fa4bb7b011837361300\",\"orderNo\":\"20190827133418156688405898218098\",\"paySign\":\"6B6D5792928E04251ACA6CC647421069\",\"appId\":\"wx212677b8e5e12f06\",\"total_fee\":\"10\",\"signType\":\"MD5\",\"nonceStr\":\"2d5f415b7f554660bd3f04efd7b06021\"}',NULL,NULL,'2019-08-27 13:34:19','2019-08-27 13:34:19'),
	(125,'20190827134022156688442257147697',45,663,19,NULL,NULL,'2','1',1,'{\"timeStamp\":\"1566884422\",\"package\":\"prepay_id=wx271340227955120aaadc1fde1578003300\",\"orderNo\":\"20190827134022156688442257147697\",\"paySign\":\"F423C328F63397683816826E6A7E2A3C\",\"appId\":\"wx212677b8e5e12f06\",\"total_fee\":\"1\",\"signType\":\"MD5\",\"nonceStr\":\"1ec4e4cdf8a14fa7837f2e15ebbb4f7f\"}',NULL,NULL,'2019-08-27 13:40:22','2019-08-27 13:40:22'),
	(126,'20190827134453156688469347697643',45,663,19,NULL,NULL,'2','1',1,'{\"timeStamp\":\"1566884693\",\"package\":\"prepay_id=wx2713445368335984ede667811480208800\",\"orderNo\":\"20190827134453156688469347697643\",\"paySign\":\"9BACB7A7D5A2F204284E88D8C76A14AE\",\"appId\":\"wx212677b8e5e12f06\",\"total_fee\":\"1\",\"signType\":\"MD5\",\"nonceStr\":\"21956f808eac4e0297985876237554bd\"}',NULL,NULL,'2019-08-27 13:44:53','2019-08-27 13:44:53'),
	(127,'20190827140327156688580702092095',45,663,19,NULL,NULL,'2','1',1,'{\"timeStamp\":\"1566885808\",\"package\":\"prepay_id=wx271403282871885d3dfc37301627698300\",\"orderNo\":\"20190827140327156688580702092095\",\"paySign\":\"77F83515B1C5924D48C4F21BA7666774\",\"appId\":\"wx212677b8e5e12f06\",\"total_fee\":\"1\",\"signType\":\"MD5\",\"nonceStr\":\"7532b496baa5490a9e970fe042e41599\"}',NULL,NULL,'2019-08-27 14:03:28','2019-08-27 14:03:28'),
	(128,'20190827141256156688637690097265',45,663,19,NULL,NULL,'2','1',1,'{\"timeStamp\":\"1566886378\",\"package\":\"prepay_id=wx27141258180569415b9333091926668900\",\"orderNo\":\"20190827141256156688637690097265\",\"paySign\":\"A67E4813927DDD4DC7A1D733EAD4ECE6\",\"appId\":\"wx212677b8e5e12f06\",\"total_fee\":\"1\",\"signType\":\"MD5\",\"nonceStr\":\"5efb58145b954d8f950a07e782398861\"}',NULL,NULL,'2019-08-27 14:12:58','2019-08-27 14:12:58'),
	(129,'20190827141510156688651068957386',44,660,21,NULL,NULL,'2','1',10,'{\"timeStamp\":\"1566886510\",\"package\":\"prepay_id=wx271415109024865cf729b86e1673316000\",\"orderNo\":\"20190827141510156688651068957386\",\"paySign\":\"0C999706E76E80114999FA54B6E7308C\",\"appId\":\"wx212677b8e5e12f06\",\"total_fee\":\"10\",\"signType\":\"MD5\",\"nonceStr\":\"49acb7c04b4e4eee8a1b561daae1d396\"}',NULL,NULL,'2019-08-27 14:15:10','2019-08-27 14:15:10'),
	(130,'20190827204702156691002233189692',44,660,21,NULL,NULL,'2','2',10,'{\"timeStamp\":\"1566910023\",\"package\":\"prepay_id=wx272047030681269403a1cfb61844275700\",\"orderNo\":\"20190827204702156691002233189692\",\"paySign\":\"C8C7A63B23DABCCFF01F2D529AA8930F\",\"appId\":\"wx212677b8e5e12f06\",\"total_fee\":\"10\",\"signType\":\"MD5\",\"nonceStr\":\"90c9d2362231432f8db9f6f7a0e17cf5\"}',NULL,NULL,'2019-08-27 20:47:03','2019-08-27 20:47:03'),
	(131,'20190827225737156691785794895726',44,659,21,NULL,NULL,'2','2',10,'{\"timeStamp\":\"1566917859\",\"package\":\"prepay_id=wx2722573940269621b65bdb291748606500\",\"orderNo\":\"20190827225737156691785794895726\",\"paySign\":\"FA30ED7F40B023CACBA6A60C6580495D\",\"appId\":\"wx212677b8e5e12f06\",\"total_fee\":\"10\",\"signType\":\"MD5\",\"nonceStr\":\"2c15713008824317a999737ffc175f35\"}',NULL,NULL,'2019-08-27 22:57:39','2019-08-27 22:57:39'),
	(132,'20190827225821156691790177071526',44,658,21,NULL,NULL,'2','2',10,'{\"timeStamp\":\"1566917902\",\"package\":\"prepay_id=wx27225821996346e68ee535de1139991300\",\"orderNo\":\"20190827225821156691790177071526\",\"paySign\":\"496F3169FEEF88B28F86E33408785665\",\"appId\":\"wx212677b8e5e12f06\",\"total_fee\":\"10\",\"signType\":\"MD5\",\"nonceStr\":\"c42910d77cae4fe89931775fc647dd15\"}',NULL,NULL,'2019-08-27 22:58:22','2019-08-27 22:58:22'),
	(133,'20190827225835156691791580388086',44,657,21,NULL,NULL,'2','2',10,'{\"timeStamp\":\"1566917916\",\"package\":\"prepay_id=wx27225836037063409d2a39941432828100\",\"orderNo\":\"20190827225835156691791580388086\",\"paySign\":\"9C85E6D6C7AFD9120F931AFBA25883B3\",\"appId\":\"wx212677b8e5e12f06\",\"total_fee\":\"10\",\"signType\":\"MD5\",\"nonceStr\":\"92a748e65434436380216f897080364d\"}',NULL,NULL,'2019-08-27 22:58:36','2019-08-27 22:58:36'),
	(134,'20190827225846156691792690638666',44,656,21,NULL,NULL,'2','2',10,'{\"timeStamp\":\"1566917927\",\"package\":\"prepay_id=wx27225847084700ac3aefe3191553000400\",\"orderNo\":\"20190827225846156691792690638666\",\"paySign\":\"875C638B2972D17E56B8205C2777FC3B\",\"appId\":\"wx212677b8e5e12f06\",\"total_fee\":\"10\",\"signType\":\"MD5\",\"nonceStr\":\"20f4837fed8d4245a378de6a6c9e2db3\"}',NULL,NULL,'2019-08-27 22:58:47','2019-08-27 22:58:47'),
	(135,'20190827225857156691793726176661',44,653,21,NULL,NULL,'2','2',20,'{\"timeStamp\":\"1566917937\",\"package\":\"prepay_id=wx2722585742931238b657f9bb1000411900\",\"orderNo\":\"20190827225857156691793726176661\",\"paySign\":\"AAA6E6CEAEF8FD4C5DD9F0D9814FA5E0\",\"appId\":\"wx212677b8e5e12f06\",\"total_fee\":\"20\",\"signType\":\"MD5\",\"nonceStr\":\"e3bac55c1a2d42eb8a9c1bf28a05e79b\"}',NULL,NULL,'2019-08-27 22:58:57','2019-08-27 22:58:57'),
	(136,'20190827225914156691795499092091',44,654,21,NULL,NULL,'2','2',30,'{\"timeStamp\":\"1566917955\",\"package\":\"prepay_id=wx27225915140507b1c1fa36461170876400\",\"orderNo\":\"20190827225914156691795499092091\",\"paySign\":\"69D1DD458B2390BE2522A148FA66C85B\",\"appId\":\"wx212677b8e5e12f06\",\"total_fee\":\"30\",\"signType\":\"MD5\",\"nonceStr\":\"0e1e19e5a0e34d7c9e6862d54bcf8915\"}',NULL,NULL,'2019-08-27 22:59:15','2019-08-27 22:59:15'),
	(137,'20190827225951156691799165215940',44,655,21,NULL,NULL,'2','2',30,'{\"timeStamp\":\"1566917991\",\"package\":\"prepay_id=wx27225951817774e1e0ed0c761741060900\",\"orderNo\":\"20190827225951156691799165215940\",\"paySign\":\"4D4DD3237CBC2F943C55439F97AC6CDE\",\"appId\":\"wx212677b8e5e12f06\",\"total_fee\":\"30\",\"signType\":\"MD5\",\"nonceStr\":\"9fa388df79bf41ceaa1e23b91540a407\"}',NULL,NULL,'2019-08-27 22:59:51','2019-08-27 22:59:51'),
	(138,'20190827232030156691923029389565',46,670,19,NULL,NULL,'2','2',1,'{\"timeStamp\":\"1566919230\",\"package\":\"prepay_id=wx272320304999564dbac292fd1068481900\",\"orderNo\":\"20190827232030156691923029389565\",\"paySign\":\"926B366AC9417888A925D748A6ACB797\",\"appId\":\"wx212677b8e5e12f06\",\"total_fee\":\"1\",\"signType\":\"MD5\",\"nonceStr\":\"4f682bd00ec045fba42caee051e91a8f\"}',NULL,NULL,'2019-08-27 23:20:30','2019-08-27 23:20:30'),
	(139,'20190827232047156691924719192548',46,669,19,NULL,NULL,'2','2',1,'{\"timeStamp\":\"1566919247\",\"package\":\"prepay_id=wx27232047397418a6ee32858b1709156600\",\"orderNo\":\"20190827232047156691924719192548\",\"paySign\":\"2AD509005890C4181DD5874AF636E026\",\"appId\":\"wx212677b8e5e12f06\",\"total_fee\":\"1\",\"signType\":\"MD5\",\"nonceStr\":\"3a9ffe85903d4498922821d2794e6192\"}',NULL,NULL,'2019-08-27 23:20:47','2019-08-27 23:20:47'),
	(140,'20190827232708156691962891090904',46,668,19,NULL,NULL,'2','2',1,'{\"timeStamp\":\"1566919629\",\"package\":\"prepay_id=wx2723270914185368ecb082701963834400\",\"orderNo\":\"20190827232708156691962891090904\",\"paySign\":\"B91E7B9B19A8750E146BA9D4AA829426\",\"appId\":\"wx212677b8e5e12f06\",\"total_fee\":\"1\",\"signType\":\"MD5\",\"nonceStr\":\"d4c37ed9f25c40e386425cbc7bdcc94c\"}',NULL,NULL,'2019-08-27 23:27:09','2019-08-27 23:27:09'),
	(141,'20190827232724156691964441798127',46,666,19,NULL,NULL,'2','2',1,'{\"timeStamp\":\"1566919644\",\"package\":\"prepay_id=wx272327246154186a38a2c38e1824088400\",\"orderNo\":\"20190827232724156691964441798127\",\"paySign\":\"0660A90B32701090551419949D8F5740\",\"appId\":\"wx212677b8e5e12f06\",\"total_fee\":\"1\",\"signType\":\"MD5\",\"nonceStr\":\"e9d5eb3e19cd4971996677154c22e564\"}',NULL,NULL,'2019-08-27 23:27:24','2019-08-27 23:27:24'),
	(142,'20190827232739156691965926452403',46,667,19,NULL,NULL,'2','2',1,'{\"timeStamp\":\"1566919659\",\"package\":\"prepay_id=wx272327394133775f28a5d67f1807037000\",\"orderNo\":\"20190827232739156691965926452403\",\"paySign\":\"53282B4D7ADB88BF74AAF8BBC833207A\",\"appId\":\"wx212677b8e5e12f06\",\"total_fee\":\"1\",\"signType\":\"MD5\",\"nonceStr\":\"da35c9decb8e48a4bdebb560d947918e\"}',NULL,NULL,'2019-08-27 23:27:39','2019-08-27 23:27:39'),
	(143,'20190827233140156691990056897660',46,670,21,NULL,NULL,'2','2',1,'{\"timeStamp\":\"1566919900\",\"package\":\"prepay_id=wx2723314076885808f3a5de151727858000\",\"orderNo\":\"20190827233140156691990056897660\",\"paySign\":\"BB6340939E7DD09FDD5398A08E4E4294\",\"appId\":\"wx212677b8e5e12f06\",\"total_fee\":\"1\",\"signType\":\"MD5\",\"nonceStr\":\"9498d0a5cfed4892a5ef98f8a10f0609\"}',NULL,NULL,'2019-08-27 23:31:40','2019-08-27 23:31:40'),
	(144,'20190827233341156692002167995375',46,666,21,NULL,NULL,'2','2',1,'{\"timeStamp\":\"1566920021\",\"package\":\"prepay_id=wx27233341885226ee24e7e6a21068340800\",\"orderNo\":\"20190827233341156692002167995375\",\"paySign\":\"FE5B649476D35F9C6FED0CC9B217D428\",\"appId\":\"wx212677b8e5e12f06\",\"total_fee\":\"1\",\"signType\":\"MD5\",\"nonceStr\":\"ff50b5a83c08402b8ae1e2e8c396d3f2\"}',NULL,NULL,'2019-08-27 23:33:41','2019-08-27 23:33:41'),
	(145,'20190828000404156692184450599507',41,636,19,NULL,NULL,'2','1',1,'{\"timeStamp\":\"1566921844\",\"package\":\"prepay_id=wx280004047224182b1d1051531887052000\",\"orderNo\":\"20190828000404156692184450599507\",\"paySign\":\"8C58499ACF01457153B364A0FB7533A8\",\"appId\":\"wx212677b8e5e12f06\",\"total_fee\":\"1\",\"signType\":\"MD5\",\"nonceStr\":\"c1c05797e25e43b98ba7350b966ce74e\"}',NULL,NULL,'2019-08-28 00:04:04','2019-08-28 00:04:04'),
	(146,'20190828083402156695244259501658',46,666,23,NULL,NULL,'2','2',1,'{\"timeStamp\":\"1566952442\",\"package\":\"prepay_id=wx2808340286550504ab710aca1335233700\",\"orderNo\":\"20190828083402156695244259501658\",\"paySign\":\"A0A2FF891FEA971F22B0551C4DF1BBF4\",\"appId\":\"wx212677b8e5e12f06\",\"total_fee\":\"1\",\"signType\":\"MD5\",\"nonceStr\":\"32e1117385604a0797e96cd74e784d1e\"}',NULL,NULL,'2019-08-28 08:34:02','2019-08-28 08:34:02'),
	(147,'20190828113903156696354339232646',41,636,20,NULL,NULL,'2','1',1,'{\"timeStamp\":\"1566963543\",\"package\":\"prepay_id=wx28113903707532c2619a91931042332100\",\"orderNo\":\"20190828113903156696354339232646\",\"paySign\":\"B0E5B0A93D06CC0B118079B311D398D3\",\"appId\":\"wx212677b8e5e12f06\",\"total_fee\":\"1\",\"signType\":\"MD5\",\"nonceStr\":\"38272948b83d48e1ae7a09ef7970dc61\"}',NULL,NULL,'2019-08-28 11:39:03','2019-08-28 11:39:03'),
	(148,'20190828174525156698552533700858',41,636,23,NULL,NULL,'2','2',1,'{\"timeStamp\":\"1566985526\",\"package\":\"prepay_id=wx2817452684464643022d69891615178400\",\"orderNo\":\"20190828174525156698552533700858\",\"paySign\":\"A8BD1DF21514C1C998AF83A17BD84660\",\"appId\":\"wx212677b8e5e12f06\",\"total_fee\":\"1\",\"signType\":\"MD5\",\"nonceStr\":\"1f0909183d06433d8037aac0426df6d7\"}',NULL,NULL,'2019-08-28 17:45:27','2019-08-28 17:45:27'),
	(149,'20190907111305156782598512215674',41,635,20,NULL,NULL,'2','2',1,'{\"timeStamp\":\"1567825986\",\"package\":\"prepay_id=wx07111306753918e7c33ed85d1073359700\",\"orderNo\":\"20190907111305156782598512215674\",\"paySign\":\"220CA1CFD3C98FA0AE759119B2064B74\",\"appId\":\"wx212677b8e5e12f06\",\"total_fee\":\"1\",\"signType\":\"MD5\",\"nonceStr\":\"03ca060c2f2c4b02925bb89fed137599\"}',NULL,NULL,'2019-09-07 11:13:06','2019-09-07 11:13:06'),
	(150,'20190907111455156782609587184675',41,634,20,NULL,NULL,'2','2',1,'{\"timeStamp\":\"1567826096\",\"package\":\"prepay_id=wx0711145608591400ac00ea491817987400\",\"orderNo\":\"20190907111455156782609587184675\",\"paySign\":\"DB5DBBCD26CD8D41F3E6ECA3E4044024\",\"appId\":\"wx212677b8e5e12f06\",\"total_fee\":\"1\",\"signType\":\"MD5\",\"nonceStr\":\"25ef3641899d4cc1ba90a4f705766605\"}',NULL,NULL,'2019-09-07 11:14:56','2019-09-07 11:14:56'),
	(151,'20190907194544156785674420966758',46,670,19,NULL,NULL,'2','2',1,'{\"timeStamp\":\"1567856744\",\"package\":\"prepay_id=wx07194544502729947d9dfdae1743286800\",\"orderNo\":\"20190907194544156785674420966758\",\"paySign\":\"146C5F7B938F571A062DE1F426A5D9C6\",\"appId\":\"wx212677b8e5e12f06\",\"total_fee\":\"1\",\"signType\":\"MD5\",\"nonceStr\":\"7344178bc659471eaf8d7394c3c20ff8\"}',NULL,NULL,'2019-09-07 19:45:44','2019-09-07 19:45:44'),
	(152,'20190907194819156785689982718728',46,667,21,NULL,NULL,'2','2',1,'{\"timeStamp\":\"1567856900\",\"package\":\"prepay_id=wx0719482009155529bb6d1b001265999100\",\"orderNo\":\"20190907194819156785689982718728\",\"paySign\":\"CBAA92CCAF2AAA9D1F27E4BE2CEDBEDF\",\"appId\":\"wx212677b8e5e12f06\",\"total_fee\":\"1\",\"signType\":\"MD5\",\"nonceStr\":\"c1333c5549c64732b9f6246eefaa518e\"}',NULL,NULL,'2019-09-07 19:48:20','2019-09-07 19:48:20');

/*!40000 ALTER TABLE `order_info` ENABLE KEYS */;
UNLOCK TABLES;


# Dump of table order_statistics
# ------------------------------------------------------------

DROP TABLE IF EXISTS `order_statistics`;

CREATE TABLE `order_statistics` (
  `id` int(11) unsigned NOT NULL AUTO_INCREMENT,
  `drawId` int(11) DEFAULT NULL,
  `sPrice` int(11) DEFAULT NULL,
  `createTime` timestamp NULL DEFAULT NULL,
  `type` int(11) DEFAULT NULL COMMENT '1-创造者加个 2-所有者价格',
  PRIMARY KEY (`id`)
) ENGINE=InnoDB DEFAULT CHARSET=utf8mb4;

LOCK TABLES `order_statistics` WRITE;
/*!40000 ALTER TABLE `order_statistics` DISABLE KEYS */;

INSERT INTO `order_statistics` (`id`, `drawId`, `sPrice`, `createTime`, `type`)
VALUES
	(24,41,1,'2019-08-25 21:28:40',2),
	(25,662,10,'2019-08-25 21:47:56',2),
	(26,661,10,'2019-08-25 22:00:09',2),
	(27,44,10,'2019-08-26 08:55:21',1),
	(28,45,1,'2019-08-26 21:48:22',2),
	(29,660,10,'2019-08-27 20:47:10',2),
	(30,659,10,'2019-08-27 22:58:10',2),
	(31,658,10,'2019-08-27 22:58:27',2),
	(32,657,10,'2019-08-27 22:58:41',2),
	(33,656,10,'2019-08-27 22:58:52',2),
	(34,653,20,'2019-08-27 22:59:02',2),
	(35,654,30,'2019-08-27 22:59:44',2),
	(36,655,30,'2019-08-27 23:00:03',2),
	(37,670,1,'2019-08-27 23:20:39',2),
	(38,669,1,'2019-08-27 23:20:54',2),
	(39,668,1,'2019-08-27 23:27:16',2),
	(40,666,1,'2019-08-27 23:27:31',2),
	(41,667,1,'2019-08-27 23:27:45',2),
	(42,670,1,'2019-08-27 23:31:48',2),
	(43,666,1,'2019-08-27 23:33:49',2),
	(44,666,1,'2019-08-28 08:34:10',2),
	(45,636,1,'2019-08-28 17:45:35',2),
	(46,635,1,'2019-09-07 11:13:25',2),
	(47,634,1,'2019-09-07 11:15:30',2),
	(48,670,1,'2019-09-07 19:45:53',2),
	(49,667,1,'2019-09-07 19:48:31',2);

/*!40000 ALTER TABLE `order_statistics` ENABLE KEYS */;
UNLOCK TABLES;


# Dump of table user
# ------------------------------------------------------------

DROP TABLE IF EXISTS `user`;

CREATE TABLE `user` (
  `id` int(11) unsigned NOT NULL AUTO_INCREMENT,
  `openId` varchar(128) DEFAULT NULL,
  `nickName` varchar(128) DEFAULT NULL,
  `avatarUrl` varchar(256) DEFAULT NULL,
  `gender` varchar(1) DEFAULT NULL,
  `income` int(11) DEFAULT NULL COMMENT '收益钱数',
  `createTime` timestamp NULL DEFAULT NULL,
  `modifyTime` timestamp NULL DEFAULT NULL,
  PRIMARY KEY (`id`)
) ENGINE=InnoDB DEFAULT CHARSET=utf8mb4;

LOCK TABLES `user` WRITE;
/*!40000 ALTER TABLE `user` DISABLE KEYS */;

INSERT INTO `user` (`id`, `openId`, `nickName`, `avatarUrl`, `gender`, `income`, `createTime`, `modifyTime`)
VALUES
	(19,'oPJGm5EeG9Luf_NF6TSsSxz8WRqw','楊∮','https://wx.qlogo.cn/mmopen/vi_32/DYAIOgq83eoWo09JRzpZglmyp0fUJBpTx2UBuWqXdSNv37HywHj4jtCucJThJvNpynl9LicQzl2p5cjXPSqKZDQ/132','1',11,'2019-08-25 16:21:10','2019-08-25 16:21:10'),
	(20,'oPJGm5CwIrVuzugnionLMe7WwK1Q','小辉','https://wx.qlogo.cn/mmopen/vi_32/Q0j4TwGTfTLMsGogAreHDftWZu3A7EuicfT9htsVDMyGfU21qdWs4fFWIviccVRW5siaUyHYyECK0QicfpcoocHxwQ/132','1',0,'2019-08-25 16:23:14','2019-08-25 16:23:14'),
	(21,'oPJGm5OfkRlnBPgSYNkw7g11cgIE','Haruka','https://wx.qlogo.cn/mmopen/vi_32/DYAIOgq83eqe7sbEVYCz6S7ko5MYz1jrCy5cV3Uq5ZH5xmmKkouJY1qnshGJ5e0hXMPS0x498CRl9IA2d4icfCw/132','2',244,'2019-08-25 16:23:19','2019-08-25 16:23:19'),
	(22,'oPJGm5JNso78wLXSDzZ-SUR3Nwxs','Helen.jar','https://wx.qlogo.cn/mmopen/vi_32/Q0j4TwGTfTKoP0oITibx8fiafgonQkfX5a85lHZPYNRfZ45rFf3ZBicC7QL2J7mdohZZpKJmw6tgOf6QZdphh8blw/132','1',5,'2019-08-25 18:44:59','2019-08-25 18:44:59'),
	(23,'oPJGm5CuI8zqg1sdD5y5F5MzS-7A','孙斌','https://wx.qlogo.cn/mmopen/vi_32/Q0j4TwGTfTJw3hHaFDoNmuNgcfNw6GuXA8sZ2lDn6cGtzmvkib57NQ6Wb0S3lsV4opH8BH6icDOicwJqYhG5gw3Rw/132','1',176,'2019-08-25 21:23:01','2019-08-25 21:23:01'),
	(24,'oPJGm5IKWUje8bIVqHYDSDU-OGvA','Anita (KK)','https://wx.qlogo.cn/mmopen/vi_32/ia7mQvFibJGajmPqM9jIRyEia5qUcIpBTKT3vmF5UskHBPZgk8a5uvZF5S302nFR0vMeBhCvEffRXHr8zEfToIGnw/132','2',40,'2019-08-26 07:58:20','2019-08-26 07:58:20'),
	(25,'oPJGm5Ge5M6fi3-wyar1FG7f1gNk','创艺星球','https://wx.qlogo.cn/mmopen/vi_32/Q0j4TwGTfTLiaFPia2DbLYxOST40ib0NGIlLBfwA1YmY8DNCRSrqq9Qw2DCZvyrMYeYniaicCiaoxvHSu6x6mf4vNImg/132','1',0,'2019-09-03 15:28:44','2019-09-03 15:28:44');

/*!40000 ALTER TABLE `user` ENABLE KEYS */;
UNLOCK TABLES;


# Dump of table web_order_log
# ------------------------------------------------------------

DROP TABLE IF EXISTS `web_order_log`;

CREATE TABLE `web_order_log` (
  `id` int(11) unsigned NOT NULL AUTO_INCREMENT,
  `uId` int(11) NOT NULL,
  `orderId` varchar(128) NOT NULL DEFAULT '',
  `type` varchar(2) NOT NULL DEFAULT '' COMMENT '0失败 1成功',
  `createTime` timestamp NOT NULL DEFAULT CURRENT_TIMESTAMP ON UPDATE CURRENT_TIMESTAMP,
  PRIMARY KEY (`id`)
) ENGINE=InnoDB DEFAULT CHARSET=utf8mb4;

LOCK TABLES `web_order_log` WRITE;
/*!40000 ALTER TABLE `web_order_log` DISABLE KEYS */;

INSERT INTO `web_order_log` (`id`, `uId`, `orderId`, `type`, `createTime`)
VALUES
	(3,20,'20190907111455156782609587184675','0','2019-09-07 11:15:06'),
	(4,19,'20190907194544156785674420966758','1','2019-09-07 19:45:53'),
	(5,21,'20190907194819156785689982718728','1','2019-09-07 19:48:31');

/*!40000 ALTER TABLE `web_order_log` ENABLE KEYS */;
UNLOCK TABLES;



/*!40111 SET SQL_NOTES=@OLD_SQL_NOTES */;
/*!40101 SET SQL_MODE=@OLD_SQL_MODE */;
/*!40014 SET FOREIGN_KEY_CHECKS=@OLD_FOREIGN_KEY_CHECKS */;
/*!40101 SET CHARACTER_SET_CLIENT=@OLD_CHARACTER_SET_CLIENT */;
/*!40101 SET CHARACTER_SET_RESULTS=@OLD_CHARACTER_SET_RESULTS */;
/*!40101 SET COLLATION_CONNECTION=@OLD_COLLATION_CONNECTION */;
